CampoB,CampoE,DensityPolarX,DensityPolarY,DensityPolarZ,DensityMagnet,DensityabsMagnet,DensityChiral
0.0,0.0,1.8999999999999995e-07,-4.000000000000003e-07,-0.07349461999999998,-1.075e-06,0.6365345200000001,-6.774037987133904e-07
0.05,0.0,-1.99e-06,2.899999999999999e-07,6.200000000067263e-07,0.029779799999999995,0.6370542,-0.00037635361393434537
0.1,0.0,8.800000000000004e-07,5.999999999999986e-08,0.03656243,0.05935685,0.6386954049999999,-0.0008033181446337684
0.15,0.0,-1.9999999999999994e-07,-3.899999999999998e-07,1.8000000000517603e-07,0.08854358999999999,0.64132915,-0.0011601868003144901
0.2,0.0,3.05e-07,3.6000000000000015e-07,-0.10678679500000002,0.11795462500000002,0.6449126300000001,-0.123664374369348
0.25,0.0,-7.610000000000001e-06,9.000000000000005e-07,0.01560222,0.2806117999999999,0.65753742,-20.085457920989057
0.3,0.0,-2.6e-06,1.7499999999999998e-06,0.0014985850000000002,0.3675550150000001,0.66631269,-26.468855690908118
0.35,0.0,1.3299999999999985e-06,8.700000000000008e-07,0.0018888099999999999,0.40911583,0.6830277600000001,-27.229321504397454
0.4,0.0,4.795000000000001e-06,4.499999999999998e-08,-2.2685000000000065e-05,0.44951030000000003,0.6939515949999999,-27.111382649589853
0.45,0.0,-9.599999999999997e-07,1.949999999999999e-06,0.00029931999999999995,0.49063062999999996,0.7064519499999999,-26.783760225713735
0.5,0.0,-9.900000000000003e-07,-1.1150000000000001e-06,-0.00014511,0.5339755500000001,0.7291092499999999,-25.921236986884033
0.55,0.0,1.9999999999999995e-06,-6.269999999999999e-06,-0.0006112400000000001,0.5763104,0.74852852,-25.27797373105657
0.6,0.0,1.0749999999999997e-06,1.6350000000000004e-06,-5.4239999999999996e-05,0.6299602,0.7725103000000002,-23.152823717448808
0.65,0.0,-2.399999999999999e-07,-9.699999999999998e-07,0.00045687999999999995,0.69521504,0.8078643199999999,-20.079642475227512
0.7,0.0,3.45e-06,-5.6e-06,-7.968000000000001e-05,0.789695855,0.8653754050000002,-14.593207609045098
0.75,0.0,6.16e-06,1.19e-06,-4.000000000000004e-08,0.94469802,0.96421597,-4.174109787161915
0.8,0.0,3.839999999999999e-06,2.995e-06,5e-09,0.9997337300000002,0.9997337300000002,-1.392606928338835e-09
0.85,0.0,-2.53e-06,5.940000000000001e-06,2e-08,0.9997390099999999,0.9997390099999999,-7.957753876221912e-10
0.9,0.0,-5.315000000000001e-06,-4.485000000000001e-06,2e-08,0.9997440700000002,0.9997440700000002,-7.957753876221912e-10
0.95,0.0,2.1400000000000003e-06,-8.9e-07,2e-08,0.99974878,0.99974878,0.0
0.0,0.2,0.014586530000000004,0.01422755,0.00035288999999998907,-1.87e-06,0.63646804,6.236889600488925e-07
0.05,0.2,0.009070149999999999,0.010843249999999999,0.36700475,0.02982195,0.63708655,-0.0005891363927183369
0.1,0.2,0.015432119999999999,0.015430620000000003,-0.072697025,0.05942379499999999,0.63863969,-0.000678733539386107
0.15,0.2,0.01031845,0.01031195,0.3633495,0.0886839,0.64138865,-0.001854411301283745
0.2,0.2,0.014671545,0.014326829999999999,0.03635345999999999,0.11783183500000001,0.6448614850000001,-0.08213092216043469
0.25,0.2,0.0176165,0.01763765,-0.003301250000000002,0.27020705,0.6566867,-18.088257673662063
0.3,0.2,0.019860595,0.019871490000000002,0.00053053,0.368431795,0.6671047050000001,-26.764034340294252
0.35,0.2,0.02120585,0.02118955,0.0004247999999999999,0.409585,0.68518835,-26.760714093022962
0.4,0.2,0.02231942,0.022311905,-0.001818175,0.44964488499999994,0.6938378999999999,-27.46240122060008
0.45,0.2,0.0242784,0.02427635,0.00064805,0.4917456,0.7036439000000001,-26.409982632202166
0.5,0.2,0.02596343,0.025971550000000003,0.0013306700000000002,0.533121765,0.727532425,-26.480519382303235
0.55,0.2,0.0283049,0.0283206,-0.00048805,0.5770892000000001,0.7480558,-25.284906331268562
0.6,0.2,0.032523885,0.03251126,0.00117169,0.6322054850000001,0.77343709,-23.02761431532282
0.65,0.2,0.03908515,0.03914765,0.0009778,0.70352755,0.81308225,-19.293321226273957
0.7,0.2,0.050863985,0.050871730000000004,0.0022521,0.8038005800000001,0.87371794,-13.50305169396707
0.75,0.2,0.0698259,0.06984584999999999,0.0035189,0.9438218,0.9627944500000001,-4.08695160531769
0.8,0.2,0.07400261999999999,0.07400931000000001,0.003671534999999999,0.9972820499999997,0.9972820499999997,-7.957753876221912e-10
0.85,0.2,0.0697401,0.06974985,0.00325895,0.99756305,0.99756305,0.0
0.9,0.2,0.06594449999999999,0.065946355,0.002912245,0.99779996,0.99779996,-1.989438469055478e-10
0.95,0.2,0.06252715,0.0625423,0.0026177,0.9980015,0.9980015,0.0
0.0,0.4,0.03528350000000001,0.03633966,-0.2914499549999999,-5e-07,0.636106095,8.793318033225214e-08
0.05,0.4,0.02877415,0.0287537,0.0014000999999999875,0.02992375,0.63693175,-0.00039236501262099766
0.1,0.4,0.03178253,0.031435515,-0.10784906999999999,0.05961179,0.6384440849999999,-0.000647910174465796
0.15,0.4,0.02756805,0.03101505,0.001419400000000015,0.0889465,0.64117365,-0.0011995737031248509
0.2,0.4,0.03451364,0.03519470499999999,-0.21263008500000002,0.11838351500000002,0.6445557199999998,-0.12316715858848541
0.25,0.4,0.03447005,0.034605300000000006,0.035554499999999996,0.28625345,0.6580180499999999,-20.452755163388602
0.3,0.4,0.040045834999999995,0.04005235,0.0011330199999999996,0.3702723,0.666634645,-26.44129101704869
0.35,0.4,0.041475750000000006,0.04168015,0.0069593499999999996,0.4116878,0.68090495,-27.390444987649566
0.4,0.4,0.04524322000000001,0.04520897,0.0025895049999999998,0.453078805,0.693935295,-26.78742582995394
0.45,0.4,0.048545950000000004,0.04855355,0.0018960000000000001,0.49449145,0.7040438,-26.182631778414752
0.5,0.4,0.05210230000000001,0.052093810000000004,0.00361616,0.5364285449999999,0.728395715,-26.228479139345048
0.55,0.4,0.0567821,0.056789,0.003923,0.5801509499999999,0.7489482000000001,-25.28227646271474
0.6,0.4,0.06634784999999999,0.066339665,0.004643160000000001,0.640195595,0.776926375,-22.38592963714234
0.65,0.4,0.08281005,0.08285545,0.006352450000000001,0.7229336,0.8228956000000001,-17.722740829484433
0.7,0.4,0.10782760499999999,0.107831385,0.009871805,0.82838275,0.88739184,-11.577194474573385
0.75,0.4,0.148561,0.1485531,0.0152278,0.9800395,0.98338755,-0.7362731670109721
0.8,0.4,0.142934075,0.14293735000000002,0.013886165,0.9904294250000001,0.9904294250000001,-7.957753876221912e-10
0.85,0.4,0.13521875,0.13522385,0.012402449999999999,0.9914332,0.9914332,-1.989438469055478e-09
0.9,0.4,0.12826194,0.1282602,0.011139285,0.992287435,0.992287435,0.0
0.95,0.4,0.12196370000000001,0.1219683,0.01005775,0.9930187,0.9930187,0.0
0.0,0.6,0.05586972000000001,0.05326101000000001,-0.32479685999999997,-1.075e-06,0.6354994049999999,-1.6930121371662123e-07
0.05,0.6,0.0585378,0.0533527,-0.3607498,0.0299951,0.6359278,-0.00016295888387727234
0.1,0.6,0.054596635000000004,0.05510211,-0.32307901,0.05980174999999999,0.63768645,-0.00037246207334502596
0.15,0.6,0.0539447,0.05899105,-0.3570007,0.08915765,0.64027945,-0.0004809805703481358
0.2,0.6,0.05688816500000001,0.056891645000000005,-0.351346645,0.11954623500000001,0.643901735,-0.24458459709096347
0.25,0.6,0.05542405,0.05676105,-0.12293305,0.2792811,0.6565624,-19.906185860503758
0.3,0.6,0.06009867,0.060038174999999985,0.00019633000000000007,0.37267945500000005,0.66710767,-26.229167955955422
0.35,0.6,0.06363815,0.0636488,0.00409315,0.41537250000000003,0.6827238,-26.6389470558698
0.4,0.6,0.067270065,0.06726279000000002,0.0031884100000000005,0.4563014150000001,0.6946746850000001,-27.10729898196455
0.45,0.6,0.0725564,0.07259845,0.0060528000000000005,0.49905405,0.7076181500000001,-26.508378772771113
0.5,0.6,0.07900291000000001,0.07899364,0.006497739999999999,0.5429645399999999,0.72902329,-25.801231395567214
0.55,0.6,0.0861852,0.0863546,0.00814755,0.5881766500000001,0.74981105,-24.748848556781756
0.6,0.6,0.102889855,0.10291592499999999,0.011663984999999998,0.6540380050000001,0.78327722,-21.375516351194776
0.65,0.6,0.1251187,0.12514945,0.01501375,0.73213935,0.8262951000000001,-17.15320355297795
0.7,0.6,0.17099475,0.17099951000000005,0.023989855,0.8582293200000002,0.902973505,-9.0442211871616
0.75,0.6,0.21249469999999998,0.21250815,0.03165185,0.9738369,0.97543885,-0.3628450104087421
0.8,0.6,0.20350062000000008,0.20350226000000005,0.028726639999999998,0.9803884449999998,0.9803884449999998,-1.989438469055478e-10
0.85,0.6,0.19349585,0.19350655,0.02586975,0.98233495,0.98233495,-1.989438469055478e-09
0.9,0.6,0.18435235499999997,0.18435861999999997,0.023401919999999996,0.9840137800000001,0.9840137800000001,-1.392606928338835e-09
0.95,0.6,0.1759666,0.1759712,0.02125815,0.9854702,0.9854702,0.0
0.0,0.8,0.07359653,0.07359706499999999,-0.35657799,-2.3849999999999996e-06,0.6346629100000001,-1.4602478362867213e-07
0.05,0.8,0.07706655000000001,0.07030645,-0.3560876,0.030164700000000003,0.6352038499999999,-0.00016183684058072506
0.1,0.8,0.07495926,0.07295273999999999,-0.354632005,0.060110645000000004,0.63683832,-0.00031828628178724787
0.15,0.8,0.07767080000000001,0.07108985000000001,-0.35226675,0.0896325,0.63945615,-0.00047004263764526883
0.2,0.8,0.074587145,0.07529969,-0.34613973,0.120429695,0.6431558999999999,-0.2850315270293069
0.25,0.8,0.07444825,0.0737039,-0.08868909999999999,0.28086515,0.65691905,-18.994987518263045
0.3,0.8,0.08011121500000001,0.080178855,0.006095519999999998,0.3771034750000001,0.66809659,-25.99645868612709
0.35,0.8,0.08485899999999999,0.08488725,0.007385599999999999,0.4205758,0.68329905,-26.5304054376128
0.4,0.8,0.09073437499999999,0.09077009000000001,0.008885775,0.46318322,0.6955449600000001,-26.52251290190636
0.45,0.8,0.0988871,0.09869739999999999,0.0102528,0.5080795,0.7098722,-25.651305085561773
0.5,0.8,0.10854906,0.10837812499999999,0.013251130000000003,0.554758055,0.73254486,-24.67747498281125
0.55,0.8,0.12495095,0.12497595,0.01669615,0.6126788000000001,0.7609193000000001,-22.457165883756314
0.6,0.8,0.14444859999999998,0.144427995,0.022099969999999997,0.675970175,0.7934390499999999,-19.642423333407606
0.65,0.8,0.1843904,0.18438435,0.0314299,0.7735832,0.8476538,-13.886914444596528
0.7,0.8,0.25293208999999994,0.25293043499999995,0.049035495,0.91579345,0.933831505,-3.7891906964307887
0.75,0.8,0.26442675000000004,0.26442695,0.05030525,0.9612671,0.9627879500000001,-0.3559199243058452
0.8,0.8,0.25460919,0.254608965,0.046076205,0.9685183300000002,0.9685183300000002,-3.978876938110956e-10
0.85,0.8,0.24341649999999998,0.2434479,0.0418685,0.9714162500000001,0.9714162500000001,0.0
0.9,0.8,0.233055915,0.23306286999999998,0.03817675500000001,0.9739521400000001,0.9739521400000001,-5.968315407166435e-10
0.95,0.8,0.22344035,0.2234462,0.03493145,0.97617615,0.97617615,0.0
0.0,1.0,0.090205495,0.09102874500000004,-0.35083612999999997,-2.715e-06,0.633673755,2.6021855175245666e-07
0.05,1.0,0.08661925000000001,0.09483675,-0.35033385,0.0303793,0.63421945,-0.00015622861353645768
0.1,1.0,0.09106311999999998,0.09106245500000001,-0.3488402550000001,0.060530930000000004,0.6358837050000001,-0.00031118836321735176
0.15,1.0,0.0875987,0.09559690000000001,-0.34641605,0.09022785,0.63861535,-0.0004608534213567016
0.2,1.0,0.09270858,0.09190619000000001,-0.34233492,0.11983672500000002,0.6421718799999999,-0.08143023894747564
0.25,1.0,0.0940474,0.09436405,-0.050078899999999996,0.31338730000000004,0.6572154,-22.229425985329087
0.3,1.0,0.10103384499999998,0.10063655,0.0071540300000000005,0.38356699999999994,0.66953121,-25.705032370153333
0.35,1.0,0.10755025,0.10813265,0.013127400000000001,0.4284425,0.6850988499999999,-25.618616723538082
0.4,1.0,0.11457909,0.11442021999999999,0.014387745000000002,0.4721586749999999,0.6980437150000001,-26.097845765201697
0.45,1.0,0.12547595,0.12569180000000002,0.01878645,0.5193952,0.71534645,-25.188571694587772
0.5,1.0,0.13636731,0.13626893,0.02084048,0.56464095,0.7352451099999999,-24.296966346062028
0.55,1.0,0.16194419999999998,0.161688,0.0286173,0.6318246,0.7685205,-21.093515859007702
0.6,1.0,0.193523165,0.19344271000000005,0.03758329500000001,0.70764687,0.8078963550000001,-17.205035225196475
0.65,1.0,0.25353125,0.25354129999999997,0.0563685,0.8221254,0.8719694,-9.827875029045803
0.7,1.0,0.317649175,0.3176498200000001,0.075664385,0.94045501,0.9431113950000002,-0.5810538932912952
0.75,1.0,0.308999,0.30900705,0.07028595,0.9517015,0.9517015,-1.989438469055478e-09
0.8,1.0,0.2967504100000001,0.29675374,0.06425128499999999,0.9559259499999999,0.9559259499999999,0.0
0.85,1.0,0.28520935000000003,0.28523505,0.05889415,0.9596608,0.9596608,0.0
0.9,1.0,0.2743888199999999,0.27439293000000003,0.054132005,0.9629689549999998,0.9629689549999998,-3.978876938110956e-10
0.95,1.0,0.2641927,0.26421530000000004,0.04988165,0.96591225,0.96591225,0.0
0.0,1.2,0.10827774000000001,0.10540305499999998,-0.34415296500000003,-7.4e-07,0.63262761,-6.98292902638473e-08
0.05,1.2,0.1069755,0.10697765000000001,-0.34363425000000003,0.0306422,0.6331114,-0.00015165290505763008
0.1,1.2,0.10737446499999999,0.107375135,-0.342096905,0.06104356,0.6348212200000001,-0.00030399276321862496
0.15,1.2,0.112649,0.1033637,-0.33960864999999996,0.09095729999999999,0.6374807499999999,-0.0004489784631349094
0.2,1.2,0.11021159000000003,0.10751827,-0.334634635,0.12133391000000002,0.6411807899999998,-0.16166893734542062
0.25,1.2,0.11519855,0.11521635,-0.08231395,0.30025835,0.6573889500000001,-18.445137513965857
0.3,1.2,0.12180196500000004,0.12184509000000002,0.01225723,0.391726505,0.6713530900000001,-25.283128835438426
0.35,1.2,0.12999139999999998,0.1293705,0.0172115,0.43729870000000004,0.68522295,-25.61234780596768
0.4,1.2,0.139668245,0.13967685500000002,0.021909750000000002,0.48359691,0.7002192149999998,-25.327929052048493
0.45,1.2,0.1522406,0.1518065,0.02533805,0.5306726500000001,0.7169285999999999,-24.551923930239145
0.5,1.2,0.173895135,0.17394996499999998,0.033675554999999996,0.5892167050000001,0.7449168600000001,-22.447481493049697
0.55,1.2,0.20358015000000002,0.20352435,0.04471725,0.6574304,0.77886085,-19.27500799356377
0.6,1.2,0.25697723000000006,0.25696561999999995,0.063535945,0.75605551,0.83024936,-13.401519208426308
0.65,1.2,0.35295095,0.3529555,0.0992458,0.90626585,0.9151688499999999,-1.8425566791019836
0.7,1.2,0.355515245,0.355515015,0.09682109,0.93292227,0.93292227,-3.978876938110956e-10
0.75,1.2,0.3430586,0.34305315000000003,0.08909775,0.93843215,0.93843215,0.0
0.8,1.2,0.33115643999999994,0.331156685,0.08215947000000001,0.9433547499999998,0.9433547499999998,-5.968315407166435e-10
0.85,1.2,0.31981570000000004,0.3198138,0.07591675,0.9477623,0.9477623,0.0
0.9,1.2,0.3090208499999999,0.30901982000000006,0.07029041000000001,0.9517172650000003,0.9517172650000003,-5.968315407166435e-10
0.95,1.2,0.2987503,0.29875525,0.06520825,0.9552759,0.9552759,0.0
0.0,1.4000001,0.124366385,0.12005701499999999,-0.336678135,-2.38e-06,0.6314607700000001,2.6956891255701725e-07
0.05,1.4000001,0.12236975,0.12236830000000001,-0.33614045000000004,0.0309639,0.63205535,-0.00014819923987534976
0.1,1.4000001,0.12229994999999998,0.12336204500000003,-0.33455432499999993,0.06164527500000001,0.6336959550000001,-0.00029496489038989814
0.15,1.4000001,0.12879025,0.11834965,-0.33198380000000005,0.0918258,0.63641595,-0.0004363932753796645
0.2,1.4000001,0.128644225,0.12206363,-0.32687541499999995,0.12390772000000001,0.64063276,-0.12087628458041946
0.25,1.4000001,0.13395885000000002,0.13383925000000002,-0.058149650000000004,0.3191672,0.6590779,-19.99545767031981
0.3,1.4000001,0.14283384,0.14282232499999997,0.017802379999999996,0.402037825,0.67311532,-25.001908183236836
0.35,1.4000001,0.15233075000000001,0.15277655,0.02433705,0.44991194999999995,0.68885725,-25.23081777658765
0.4,1.4000001,0.16658773,0.16631464499999998,0.031249729999999996,0.4986709799999999,0.7040507150000002,-24.419701456308747
0.45,1.4000001,0.1804879,0.18075560000000002,0.036776699999999996,0.54686865,0.72258325,-23.894749734608908
0.5,1.4000001,0.21477059499999998,0.21477770000000002,0.051882439999999995,0.6180044399999998,0.756154765,-20.427159527898294
0.55,1.4000001,0.26027005000000003,0.2601519,0.0700137,0.70223755,0.7986856,-15.853589342896433
0.6,1.4000001,0.34427938,0.344278505,0.10571066999999998,0.82981438,0.8647388850000001,-6.818234469448591
0.65,1.4000001,0.39113050000000005,0.391146,0.12288815,0.90947735,0.911143,-0.3582966746138102
0.7,1.4000001,0.382097185,0.38210522,0.11505670000000001,0.9198006000000001,0.9198006000000001,-5.968315407166435e-10
0.75,1.4000001,0.3704409,0.37044895,0.10674339999999999,0.9258133,0.9258133,0.0
0.8,1.4000001,0.35919003499999996,0.35919255000000005,0.09918918000000002,0.9312434900000002,0.9312434900000002,-3.978876938110956e-10
0.85,1.4000001,0.34832765,0.34834295,0.09230564999999999,0.9361642,0.9361642,-1.989438469055478e-09
0.9,1.4000001,0.337895765,0.33789705999999997,0.08603395500000001,0.940625515,0.940625515,-3.978876938110956e-10
0.95,1.4000001,0.3278672,0.3278744,0.08031045,0.9446785,0.9446785,0.0
0.0,1.6,0.13670544499999998,0.136704875,-0.32856209000000003,-3.004999999999999e-06,0.6302546349999999,2.9781893881760513e-07
0.05,1.6,0.13688109999999998,0.13688014999999998,-0.3280073,0.0313209,0.6308386500000001,-0.00014508576867127793
0.1,1.6,0.13682766500000001,0.13799435499999999,-0.32635829,0.062337535,0.632501465,-0.00028532924410887484
0.15,1.6,0.14397225000000002,0.13252345,-0.3237021,0.09279865000000001,0.6352636,-0.0004232212032760481
0.2,1.6,0.14447424000000003,0.14613628,-0.3112805400000001,0.137967205,0.642342085,-0.40213021451717135
0.25,1.6,0.15382725,0.15362209999999998,-0.0754941,0.31553980000000004,0.6597869000000001,-17.898790248329668
0.3,1.6,0.16471230500000003,0.16455830000000002,0.022635220000000005,0.412939955,0.6764239499999999,-24.303207945260205
0.35,1.6,0.17952695000000002,0.17886734999999998,0.03398035,0.4658819,0.6932081,-24.005654988795484
0.4,1.6,0.198350855,0.19833203499999996,0.044132754999999996,0.521073225,0.70989237,-23.05560902142705
0.45,1.6,0.2190228,0.21945535,0.0548535,0.57554755,0.7327712,-21.775277657969372
0.5,1.6,0.263123965,0.26313282,0.07562275999999998,0.6559829149999998,0.7716393599999999,-17.6236375676807
0.55,1.6,0.36095865000000005,0.36096839999999997,0.1231177,0.7962437,0.8406716000000001,-7.893451001324172
0.6,1.6,0.41917295499999996,0.4191765450000001,0.14817349500000002,0.8857137799999999,0.8892449499999999,-0.7230218891946436
0.65,1.6,0.4143652,0.41435109999999997,0.1410937,0.9007267,0.9007267,0.0
0.7,1.6,0.40336930999999987,0.40337328999999994,0.13166853,0.9076830900000001,0.9076830900000001,-5.968315407166435e-10
0.75,1.6,0.3926094,0.39261714999999997,0.12301365,0.9140244,0.9140244,0.0
0.8,1.6,0.38211203500000007,0.382115375,0.11505960000000001,0.9198138,0.9198138,-1.989438469055478e-10
0.85,1.6,0.37189479999999997,0.37189815000000004,0.10774500000000001,0.9251059500000001,0.9251059500000001,0.0
0.9,1.6,0.36197969499999993,0.361978795,0.10101450999999999,0.929948985,0.929948985,-5.968315407166435e-10
0.95,1.6,0.35236835,0.35237455,0.09481585000000001,0.93438725,0.93438725,0.0
0.0,1.8000001,0.152232085,0.14840826,-0.31994028,-7.100000000000005e-07,0.62900387,2.0729948847558087e-07
0.05,1.8000001,0.1505223,0.15052505,-0.31935835,0.03172315,0.62955245,-0.0001392547245184763
0.1,1.8000001,0.15299495000000002,0.149228105,-0.31764946,0.063116665,0.6313143999999998,-0.00027576740599505355
0.15,1.8000001,0.15204915000000002,0.1520457,-0.31489645,0.0938965,0.6341089,-0.0004085650100745164
0.2,1.8000001,0.17199763999999998,0.17200449,-0.29400652,0.16346994500000003,0.6442269750000001,-0.24139082299886372
0.25,1.8000001,0.17330985,0.1733776,-0.0948316,0.30982865000000004,0.6603068000000001,-15.408762139553538
0.3,1.8000001,0.18932432,0.18892153500000003,0.031792465,0.429560385,0.6799836349999999,-23.50231018588517
0.35,1.8000001,0.20236300000000002,0.20303795000000002,0.0481447,0.48277855000000003,0.6955769,-23.667107589230294
0.4,1.8000001,0.23186314500000002,0.23180246499999996,0.06276382999999999,0.5470417600000002,0.71640489,-21.695015026825587
0.45,1.8000001,0.27082665,0.2711098,0.083371,0.62091805,0.75060845,-18.372000889676883
0.5,1.8000001,0.33661382,0.3366567,0.11801627,0.722534775,0.7996868800000001,-12.43123654821285
0.55,1.8000001,0.42425825,0.4242497,0.1627862,0.8435438,0.85846445,-2.9104256522970857
0.6,1.8000001,0.44060751,0.4406090349999999,0.16648560499999998,0.8817287949999999,0.8817287949999999,-1.989438469055478e-10
0.65,1.8000001,0.43053605,0.43055014999999996,0.15620995,0.88947155,0.88947155,-1.989438469055478e-09
0.7,1.8000001,0.4205496,0.42055612500000006,0.14668813000000006,0.8965867900000001,0.8965867900000001,0.0
0.75,1.8000001,0.41068485,0.4106878,0.1378662,0.90312905,0.90312905,0.0
0.8,1.8000001,0.40096977999999994,0.40097567500000003,0.12968521500000002,0.9091539849999999,0.9091539849999999,-5.968315407166435e-10
0.85,1.8000001,0.3914363,0.39145589999999997,0.12210019999999999,0.9147046,0.9147046,-1.989438469055478e-09
0.9,1.8000001,0.382127085,0.38212556499999994,0.115063425,0.91982432,0.91982432,-5.968315407166435e-10
0.95,1.8000001,0.37302844999999996,0.3730329,0.1085324,0.92455075,0.92455075,-1.989438469055478e-09
0.0,2.0,0.16443206000000005,0.16172499,-0.31093755000000006,-7.849999999999998e-07,0.6277986249999999,2.220213331465914e-07
0.05,2.0,0.16329885,0.16330139999999999,-0.3103321,0.032164899999999996,0.6283252500000001,-0.00013327845135743365
0.1,2.0,0.167026385,0.164360215,-0.3073971650000001,0.06620993,0.6301138000000001,-0.00026637904691573374
0.15,2.0,0.1835829,0.1835849,-0.2915333,0.12675635000000002,0.6378282,-0.0004196819922395984
0.2,2.0,0.18634195499999998,0.18633416,-0.2819719400000001,0.166531135,0.6455303299999999,-0.2397368774649143
0.25,2.0,0.19448205000000002,0.1942465,-0.06749345000000001,0.3329969,0.6626116,-16.194835288420833
0.3,2.0,0.21503667499999998,0.21502179,0.043773269999999996,0.449025015,0.684229805,-22.504130033478273
0.35,2.0,0.24111339999999998,0.24076815000000001,0.0673128,0.5159195000000001,0.7034186,-21.52072473651877
0.4,2.0,0.275806175,0.275810465,0.08907725999999999,0.586099315,0.72996352,-19.127642401817234
0.45,2.0,0.32988275,0.32985915,0.12017900000000001,0.6742710000000001,0.7720703,-14.509076524546488
0.5,2.0,0.42744390500000007,0.4274481100000001,0.17587426499999997,0.8062110499999999,0.8319814400000001,-4.643797322374977
0.55,2.0,0.4617522,0.4617477,0.19080505,0.86314205,0.86314205,0.0
0.6,2.0,0.45272072999999996,0.45273083999999997,0.17990744,0.8715259,0.8715259,-1.989438469055478e-10
0.65,2.0,0.4436449,0.4436524,0.16972959999999998,0.8792838999999999,0.8792838999999999,0.0
0.7,2.0,0.434574995,0.4345764850000001,0.160230835,0.8864631749999999,0.8864631749999999,-3.978876938110956e-10
0.75,2.0,0.42554895000000004,0.42554785,0.1513629,0.8931135,0.8931135,0.0
0.8,2.0,0.41659749,0.41660061,0.14308040000000002,0.89928063,0.89928063,-1.989438469055478e-10
0.85,2.0,0.40775859999999997,0.4077685,0.13534815,0.90500005,0.90500005,0.0
0.9,2.0,0.39906066,0.39906274500000005,0.12812446500000002,0.9103110000000001,0.9103110000000001,-1.989438469055478e-10
0.95,2.0,0.39051655,0.3905174,0.1213771,0.9152440500000001,0.9152440500000001,0.0
0.0,2.2,0.174306585,0.17572618999999998,-0.30165907999999997,-1.8750000000000003e-06,0.62658019,3.043840857654882e-08
0.05,2.2,0.16819070000000003,0.1823312,-0.30102575,0.032670199999999996,0.6271975999999999,-0.00012791293580639103
0.1,2.2,0.186499525,0.183705355,-0.29218014,0.07665514000000001,0.63109123,-0.0002660607367606849
0.15,2.2,0.19666925000000002,0.19666845,-0.2793987,0.129569,0.64085875,-0.0004085311896205424
0.2,2.2,0.19973522000000005,0.19972590499999998,-0.26722103500000005,0.17138717499999997,0.64433271,-0.43600607156726373
0.25,2.2,0.21809445,0.21830115,-0.013093400000000002,0.3759541,0.6664039500000001,-18.517223344707617
0.3,2.2,0.24532116000000004,0.24542878999999998,0.066672715,0.47871959999999997,0.6908506300000001,-21.469996411251948
0.35,2.2,0.27639864999999997,0.27632579999999995,0.09089985,0.5485654,0.7103538,-19.94819578223129
0.4,2.2,0.33075547499999997,0.33074922500000004,0.126450815,0.6382046800000001,0.75088383,-15.508051306822344
0.45,2.2,0.4096364,0.40965955,0.1744814,0.75079875,0.8004743999999999,-8.084940766459024
0.5,2.2,0.4761679450000001,0.47616993,0.21222852999999997,0.84248898,0.84395688,-0.28250467816456
0.55,2.2,0.4706803,0.47068455,0.2024898,0.8540744,0.8540744,0.0
0.6,2.2,0.462576925,0.46258324999999995,0.191840175,0.86235432,0.86235432,-1.989438469055478e-10
0.65,2.2,0.45437995,0.4543813,0.18183385,0.8700623000000001,0.8700623000000001,0.0
0.7,2.2,0.44613628999999994,0.4461383999999999,0.17244003,0.877236875,0.877236875,0.0
0.75,2.2,0.4378835,0.4378827,0.16361335,0.88392515,0.88392515,0.0
0.8,2.2,0.42965227000000006,0.42965347,0.15532026,0.8901636000000002,0.8901636000000002,-1.989438469055478e-10
0.85,2.2,0.4214768,0.42147935000000003,0.14753005,0.89598415,0.89598415,0.0
0.9,2.2,0.41338355499999996,0.41338468500000003,0.14021211500000003,0.9014176399999998,0.9014176399999998,1.989438469055478e-10
0.95,2.2,0.40538545000000004,0.4053882,0.1333327,0.90649595,0.90649595,0.0
0.0,2.4000001,0.19401601,0.197702545,-0.28479967500000003,-1.45e-06,0.6273570300000001,-1.7706002374593757e-08
0.05,2.4000001,0.19910715,0.19175885,-0.28441775,0.03967825,0.6293159,-0.00013070013910153778
0.1,2.4000001,0.20622174499999998,0.20622243,-0.27321127,0.09070548999999999,0.63377942,-0.00027477308464821955
0.15,2.4000001,0.20884885,0.20885635000000002,-0.26712045,0.1325795,0.63503455,-0.0004003307242510958
0.2,2.4000001,0.21263369499999998,0.21263125,-0.24779702499999998,0.18000736999999997,0.6461956050000001,-0.9843635851988959
0.25,2.4000001,0.2484818,0.24857585000000001,0.060809749999999996,0.43801945,0.6758588000000001,-21.120626631339544
0.3,2.4000001,0.28515893,0.285088275,0.097138005,0.521026325,0.700652475,-19.31566820742045
0.35,2.4000001,0.3165867,0.31625735,0.11988925,0.5872157499999999,0.7242758499999999,-17.618343555731336
0.4,2.4000001,0.40333261,0.40334552999999984,0.17903666499999998,0.71102383,0.7776143,-9.78974824213217
0.45,2.4000001,0.49200014999999997,0.49200385,0.2354295,0.8279536000000001,0.8279536000000001,0.0
0.5,2.4000001,0.4851113149999999,0.48511106000000004,0.22382343000000002,0.83725435,0.83725435,-3.978876938110956e-10
0.55,2.4000001,0.47798635,0.4779945,0.21285625,0.8459492,0.8459492,0.0
0.6,2.4000001,0.47069219999999995,0.47069333000000013,0.20249250500000002,0.854084265,0.854084265,0.0
0.65,2.4000001,0.46326435,0.4632763,0.19270589999999999,0.8616959,0.8616959,0.0
0.7,2.4000001,0.45576464000000005,0.45576705500000003,0.183466175,0.8688208700000001,0.8688208700000001,-1.989438469055478e-10
0.75,2.4000001,0.44820194999999996,0.4482172,0.1747358,0.8754999,0.8754999,0.0
0.8,2.4000001,0.4406420950000001,0.440644425,0.16649767999999998,0.8817560400000002,0.8817560400000002,-3.978876938110956e-10
0.85,2.4000001,0.43308605,0.43309165,0.1587179,0.8876236,0.8876236,0.0
0.9,2.4000001,0.42556902,0.42556917999999994,0.15136979,0.8931303100000001,0.8931303100000001,-1.989438469055478e-10
0.95,2.4000001,0.41810210000000003,0.41810775,0.1444291,0.8983007000000001,0.8983007000000001,0.0
0.0,2.6000001,0.21474505000000005,0.21474936499999994,-0.267086235,-1.3949999999999998e-06,0.629687225,-2.387326162866574e-08
0.05,2.6000001,0.21544315,0.21545025,-0.2655362,0.0475446,0.6276399500000001,-0.00013684352509398106
0.1,2.6000001,0.21739652499999998,0.21739644,-0.261178075,0.093233025,0.6358871,-0.00026955180338618346
0.15,2.6000001,0.22020194999999998,0.22019855,-0.25479355000000004,0.13577925,0.6417048000000001,-0.00039164085701826144
0.2,2.6000001,0.22544386000000002,0.22545777499999997,-0.225134805,0.19187066999999997,0.648265085,-1.7172058076085677
0.25,2.6000001,0.297905,0.29758470000000004,0.10379859999999999,0.49435265,0.6927501,-17.76445346146378
0.3,2.6000001,0.3288846449999999,0.32885665,0.13207969999999997,0.568584295,0.7117127900000001,-16.870414467276127
0.35,2.6000001,0.39595785,0.3960228,0.18167725,0.6715698999999999,0.7556099000000001,-11.207721028603352
0.4,2.6000001,0.484281155,0.484286195,0.24187317,0.7914481999999999,0.8036097249999999,-2.0526902840201937
0.45,2.6000001,0.49661215000000003,0.49663095,0.24387015,0.8211354,0.8211354,0.0
0.5,2.6000001,0.4904475199999999,0.490449775,0.23270072000000006,0.8301615199999999,0.8301615199999999,1.989438469055478e-10
0.55,2.6000001,0.48404525,0.48403825,0.2221022,0.83863635,0.83863635,0.0
0.6,2.6000001,0.4774449099999999,0.47744386000000005,0.21204066500000002,0.8466033249999999,0.8466033249999999,-1.989438469055478e-10
0.65,2.6000001,0.4707,0.47071324999999997,0.2025011,0.85408835,0.85408835,0.0
0.7,2.6000001,0.4638525349999999,0.46385758999999993,0.19344297500000002,0.8611354300000003,0.8611354300000003,0.0
0.75,2.6000001,0.45693174999999997,0.4569352,0.1848561,0.86776315,0.86776315,0.0
0.8,2.6000001,0.44996709999999995,0.4499676199999999,0.1767119,0.87400268,0.87400268,-1.989438469055478e-10
0.85,2.6000001,0.44297495,0.4429876,0.16898619999999998,0.8798808,0.8798808,1.989438469055478e-09
0.9,2.6000001,0.4360025350000001,0.4360004900000001,0.16166166,0.88541767,0.88541767,-1.989438469055478e-10
0.95,2.6000001,0.4290357,0.42905085,0.1547124,0.890639,0.890639,0.0
0.0,2.8,0.22495606500000004,0.22496144000000004,-0.25547282500000007,-5.7099999999999995e-06,0.6328883249999999,-1.0643495809446808e-07
0.05,2.8,0.22571580000000002,0.22571360000000001,-0.25381295,0.0490616,0.62852805,-0.0001346352483933295
0.1,2.8,0.22780863999999998,0.22781090499999998,-0.24918159500000003,0.09593299500000001,0.6349506650000001,-0.00026429232490554155
0.15,2.8,0.2307784,0.23077265,-0.24250870000000002,0.1391523,0.6424208499999999,-0.0003818448619966323
0.2,2.8,0.23918976,0.23920048000000005,-0.20162218999999998,0.20611693500000006,0.648105215,-2.246075169539947
0.25,2.8,0.33961545,0.3396447,0.14257475,0.5475005500000001,0.7040272,-15.792336951591391
0.3,2.8,0.37820717500000006,0.37817471,0.17350058500000004,0.6217502100000001,0.7310239449999999,-13.482382427966414
0.35,2.8,0.46611075,0.46614705,0.23853649999999998,0.7458699,0.7784025,-4.964630051980048
0.4,2.8,0.505722355,0.5057246899999999,0.262639385,0.80575196,0.80575196,1.989438469055478e-10
0.45,2.8,0.5004482,0.5004522499999999,0.25136565,0.8150336499999999,0.8150336499999999,0.0
0.5,2.8,0.49489646499999995,0.49489377999999995,0.24062300999999997,0.8237806849999998,0.8237806849999998,-1.989438469055478e-10
0.55,2.8,0.48910580000000003,0.48910529999999997,0.23038935,0.8320278000000001,0.8320278000000001,-1.989438469055478e-09
0.6,2.8,0.48311797,0.48311890999999996,0.22063433,0.8398137550000001,0.8398137550000001,-1.989438469055478e-10
0.65,2.8,0.47697555,0.47697645,0.21134455,0.8471619,0.8471619,1.989438469055478e-09
0.7,2.8,0.4707130500000001,0.4707136149999999,0.20250094000000002,0.854098355,0.854098355,0.0
0.75,2.8,0.46436175,0.46435594999999996,0.19408065000000002,0.8606508500000001,0.8606508500000001,0.0
0.8,2.8,0.4579342249999999,0.45793608500000005,0.18605912000000002,0.8668470549999998,0.8668470549999998,0.0
0.85,2.8,0.45146810000000004,0.45147435,0.1784241,0.87270385,0.87270385,0.0
0.9,2.8,0.44498859500000015,0.44498817499999993,0.17115716,0.8782420200000001,0.8782420200000001,-3.978876938110956e-10
0.95,2.8,0.43850075,0.43849875000000005,0.16423480000000001,0.8834854,0.8834854,0.0
0.0,3.0,0.234472855,0.234475815,-0.24397245000000006,-4.015e-06,0.6331178700000001,-5.331695097068681e-08
0.05,3.0,0.23528169999999998,0.23528680000000002,-0.24220255000000002,0.05070865,0.6267888500000001,-0.0001339071139136552
0.1,3.0,0.23752992500000003,0.23753085000000004,-0.23727359000000003,0.09880937,0.636877715,-0.0002598244439917367
0.15,3.0,0.24062879999999998,0.24062955,-0.2303502,0.14267885000000002,0.6374616,-0.0003758745571509968
0.2,3.0,0.42634814499999996,0.42634510500000006,0.21850754499999997,0.62304724,0.7223282500000001,-7.6984831711410475
0.25,3.0,0.38129745000000004,0.3813486,0.18042025,0.59759345,0.7160796,-13.426180681995422
0.3,3.0,0.4421717899999999,0.44218497,0.22830159499999997,0.6929438050000001,0.75396126,-7.961675264555528
0.35,3.0,0.5100143500000001,0.51002225,0.27783375,0.7879284,0.78992105,-0.34007057334025126
0.4,3.0,0.5084132699999999,0.5084115849999999,0.26888016000000003,0.8005786,0.8005786,-3.978876938110956e-10
0.45,3.0,0.50365905,0.5036631,0.25806855,0.80953845,0.80953845,0.0
0.5,3.0,0.49863719500000003,0.49863829499999995,0.24773201,0.818013025,0.818013025,-1.989438469055478e-10
0.55,3.0,0.4933805,0.49338335,0.2378492,0.8260341,0.8260341,0.0
0.6,3.0,0.4879308750000001,0.48793,0.22840194999999994,0.8336296300000001,0.8336296300000001,0.0
0.65,3.0,0.48231369999999996,0.4823221,0.21937465,0.8408234,0.8408234,0.0
0.7,3.0,0.47657373999999997,0.476570635,0.21074692,0.8476416099999999,0.8476416099999999,1.989438469055478e-10
0.75,3.0,0.4707208,0.4707279,0.20250744999999998,0.8541022,0.8541022,0.0
0.8,3.0,0.46479222500000006,0.464792995,0.194631595,0.860232495,0.860232495,0.0
0.85,3.0,0.45880089999999996,0.45880695,0.1871103,0.8660462,0.8660462,0.0
0.9,3.0,0.4527737500000001,0.452777915,0.17992573999999997,0.8715635350000002,0.8715635350000002,0.0
0.95,3.0,0.4467222,0.44673665,0.17306670000000002,0.8767984,0.8767984,0.0
0.0,3.2,0.243356065,0.24335960500000006,-0.232625765,-3.945000000000002e-06,0.6333807300000001,-3.193048742834043e-07
0.05,3.2,0.2442232,0.2442218,-0.23073955,0.05246165,0.6267156,-0.00013021272667661915
0.1,3.2,0.24661286,0.24661448000000002,-0.225511925,0.10184861499999998,0.6373159299999999,-0.00025561041542658335
0.15,3.2,0.2498431,0.24984869999999998,-0.21832995,0.1462893,0.64297135,-0.0003636196161816151
0.2,3.2,0.398493635,0.39844700000000005,0.19961162000000002,0.591151705,0.710051105,-11.666168091038294
0.25,3.2,0.4338569,0.43390065,0.2289203,0.6583505000000001,0.7359169,-9.080202767547643
0.3,3.2,0.508166545,0.5081686550000001,0.28757222000000005,0.7654658299999999,0.7731436049999998,-1.2195837366588258
0.35,3.2,0.51467565,0.51468565,0.28529000000000004,0.7867946,0.7867946,0.0
0.4,3.2,0.51068044,0.5106831499999999,0.27447486,0.7959126449999999,0.7959126449999999,-5.968315407166435e-10
0.45,3.2,0.5063734,0.50638595,0.2640952,0.8045662,0.8045662,0.0
0.5,3.2,0.501817575,0.5018161050000001,0.25414323499999997,0.81277674,0.81277674,-1.989438469055478e-10
0.55,3.2,0.49702705,0.4970276,0.24459945,0.8205733,0.8205733,0.0
0.6,3.2,0.49204293500000007,0.49204562999999996,0.23545008500000003,0.8279786900000001,0.8279786900000001,-1.989438469055478e-10
0.65,3.2,0.48689780000000005,0.4868981,0.22668135,0.83501435,0.83501435,0.0
0.7,3.2,0.48161552500000004,0.48161465000000003,0.21827865499999993,0.8417012649999999,0.8417012649999999,0.0
0.75,3.2,0.47621315,0.47622245,0.2102242,0.8480614500000001,0.8480614500000001,-1.989438469055478e-09
0.8,3.2,0.470731335,0.47073145000000005,0.20250927500000002,0.8541091999999999,0.8541091999999999,0.0
0.85,3.2,0.4651682,0.46517715000000004,0.1951157,0.8598652,0.8598652,0.0
0.9,3.2,0.45956195,0.45956414,0.18803504999999998,0.8653415750000001,0.8653415750000001,0.0
0.95,3.2,0.453917,0.45391824999999997,0.18125285000000002,0.870555,0.870555,0.0
0.0,3.4000001,0.25166178499999997,0.25166224000000004,-0.22147326500000003,-6.610000000000001e-06,0.6331489800000001,1.6114451599349356e-08
0.05,3.4000001,0.2525812,0.25257645,-0.21946854999999998,0.05448005,0.625416,-0.00013401255415251514
0.1,3.4000001,0.25511606000000003,0.255118155,-0.21393212999999997,0.1050335,0.63764612,-0.00025128219309330623
0.15,3.4000001,0.2584589,0.2584423,-0.2065401,0.15000875,0.6422567,-0.00035369629709796637
0.2,3.4000001,0.420429335,0.42042194000000005,0.22158930500000001,0.617738275,0.7167009200000001,-10.594442547006453
0.25,3.4000001,0.4911594,0.49115175,0.2825242,0.7267390499999999,0.75265265,-3.71984864948959
0.3,3.4000001,0.5195446050000001,0.5195452899999999,0.300662735,0.7736594099999999,0.7736594099999999,0.0
0.35,3.4000001,0.5162312,0.5162506,0.28988539999999996,0.782898,0.782898,0.0
0.4,3.4000001,0.5126116049999999,0.5126134699999999,0.27951237500000004,0.7916882500000001,0.7916882500000001,1.989438469055478e-10
0.45,3.4000001,0.5086958500000001,0.5087075,0.26954175,0.80004635,0.80004635,0.0
0.5,3.4000001,0.5045373750000001,0.5045412299999998,0.259951215,0.80800425,0.80800425,1.989438469055478e-10
0.55,3.4000001,0.5001577500000001,0.5001591000000001,0.2507316,0.8155811500000001,0.8155811500000001,0.0
0.6,3.4000001,0.4955903450000001,0.49558808,0.241872745,0.822795825,0.822795825,-1.989438469055478e-10
0.65,3.4000001,0.49085049999999997,0.4908576,0.23335465,0.82967385,0.82967385,0.0
0.7,3.4000001,0.48598278500000003,0.485984255,0.22517687999999997,0.8362238249999999,0.8362238249999999,0.0
0.75,3.4000001,0.48099355,0.48099205,0.21731555000000002,0.8424723000000001,0.8424723000000001,0.0
0.8,3.4000001,0.4759063900000001,0.4759060300000001,0.20976605499999995,0.84842972,0.84842972,-1.989438469055478e-10
0.85,3.4000001,0.470737,0.4707426,0.2025134,0.85411365,0.85411365,0.0
0.9,3.4000001,0.4655090950000001,0.4655102650000001,0.195546165,0.8595386749999999,0.8595386749999999,0.0
0.95,3.4000001,0.4602284,0.46023545,0.18885449999999998,0.86471695,0.86471695,0.0
0.0,3.6000001,0.25944338,0.25944627,-0.21053071500000003,-6.609999999999999e-06,0.633213645,-1.728822029609211e-07
0.05,3.6000001,0.2604071,0.2604106,-0.20841375,0.0564331,0.62486595,-0.0001299819518142087
0.1,3.6000001,0.26309147999999993,0.26309285,-0.20256106499999998,0.108356445,0.638014145,-0.0002469991310132767
0.15,3.6000001,0.32341785,0.32342905,-0.07690515,0.2866595,0.6597338,-0.7147062693572364
0.2,3.6000001,0.46246536000000005,0.46247586500000004,0.263695325,0.6691819599999999,0.73111803,-6.825174213734128
0.25,3.6000001,0.5232432499999999,0.52323935,0.3150594,0.7611529,0.7611529,0.0
0.3,3.6000001,0.5205756749999999,0.5205776849999999,0.30435383999999993,0.7704793600000002,0.7704793600000002,0.0
0.35,3.6000001,0.5175695,0.5175813499999999,0.2940329,0.77936485,0.77936485,0.0
0.4,3.6000001,0.5142695400000001,0.514271315,0.28407550000000004,0.7878425000000001,0.7878425000000001,-5.968315407166435e-10
0.45,3.6000001,0.51068815,0.51071295,0.2744868,0.79592085,0.79592085,0.0
0.5,3.6000001,0.5068885249999999,0.50688863,0.26523604000000006,0.8036373299999999,0.8036373299999999,0.0
0.55,3.6000001,0.5028665,0.5028717,0.25632869999999996,0.81099805,0.81099805,0.0
0.6,3.6000001,0.4986629249999999,0.49866545999999995,0.24774554000000001,0.8180282200000001,0.8180282200000001,-1.989438469055478e-10
0.65,3.6000001,0.49429135,0.49430355,0.2394768,0.82474415,0.82474415,0.0
0.7,3.6000001,0.48979403999999993,0.489790935,0.2315158,0.8311589149999999,0.8311589149999999,0.0
0.75,3.6000001,0.48516159999999997,0.485174,0.2238494,0.8372898,0.8372898,0.0
0.8,3.6000001,0.48043800500000017,0.48044228499999997,0.216465925,0.8431523600000002,0.8431523600000002,0.0
0.85,3.6000001,0.4756246,0.4756323,0.20935865,0.8487573500000001,0.8487573500000001,0.0
0.9,3.6000001,0.47074697500000007,0.47074821,0.20251740500000004,0.8541178,0.8541178,-1.989438469055478e-10
0.95,3.6000001,0.46580555,0.465814,0.19593025,0.85924755,0.85924755,0.0
0.0,3.8,0.26674871499999997,0.26675060999999994,-0.19982154,-1.9699999999999998e-06,0.6332550100000001,1.5915507752443835e-08
0.05,3.8,0.2677661,0.2677667,-0.19757565,0.0587668,0.62559505,-0.00013488392820196145
0.1,3.8,0.270586545,0.27058364999999995,-0.19142048000000003,0.11180476499999999,0.638350915,-0.0002426772748831006
0.15,3.8,0.47799265,0.4780093,0.28670565000000003,0.67092145,0.7229957,-5.233319002081748
0.2,3.8,0.5163551949999999,0.5163513550000001,0.318855895,0.73732496,0.7455952399999999,-1.2200499062576593
0.25,3.8,0.52388935,0.52389135,0.3179477,0.7586262500000001,0.7586262500000001,-1.989438469055478e-09
0.3,3.8,0.52146615,0.5214635299999999,0.30769752499999997,0.76758758,0.76758758,-1.989438469055478e-10
0.35,3.8,0.5187199,0.51873155,0.29779429999999996,0.77614715,0.77614715,0.0
0.4,3.8,0.5157035950000001,0.515705495,0.28822757499999996,0.784327085,0.784327085,0.0
0.45,3.8,0.512426,0.5124341,0.27898670000000003,0.7921482,0.7921482,0.0
0.5,3.8,0.5089295149999998,0.5089295050000001,0.27006345499999995,0.799627855,0.799627855,0.0
0.55,3.8,0.50522665,0.5052275500000001,0.26144705,0.80678445,0.80678445,0.0
0.6,3.8,0.5013467549999999,0.50134805,0.25313224999999995,0.81363095,0.81363095,-1.989438469055478e-10
0.65,3.8,0.49731105,0.4973097,0.24510705,0.8201846500000001,0.8201846500000001,0.0
0.7,3.8,0.49313172500000013,0.49313277500000013,0.23735674499999998,0.8264647,0.8264647,0.0
0.75,3.8,0.4888327,0.48883565,0.229879,0.83247895,0.83247895,0.0
0.8,3.8,0.48443562500000004,0.484433985,0.22266843500000003,0.8382373900000001,0.8382373900000001,0.0
0.85,3.8,0.47994665000000003,0.47994495000000004,0.21571030000000002,0.84375705,0.84375705,0.0
0.9,3.8,0.4753804850000001,0.47537939000000007,0.208994995,0.849049975,0.849049975,0.0
0.95,3.8,0.47074715,0.4707593,0.2025188,0.85412345,0.85412345,0.0
0.0,4.0,0.27361998,0.27362552,-0.18935206,2.58e-06,0.6333348400000001,-1.5915507752443673e-09
0.05,4.0,0.2746877,0.27469485000000005,-0.18697629999999998,0.06120905,0.6268649,-0.0001392865555339812
0.1,4.0,0.27763128,0.27764634,-0.18052553999999998,0.11533903999999999,0.6387118600000001,-0.00023783100277248144
0.15,4.0,0.48841080000000003,0.48847115,0.29887855,0.68319355,0.7258438,-4.413025263481231
0.2,4.0,0.52634152,0.5263500999999999,0.33072090000000004,0.7473178,0.7473178,0.0
0.25,4.0,0.5244491,0.5244541,0.32056945000000003,0.7563257999999999,0.7563257999999999,0.0
0.3,4.0,0.52222932,0.52223982,0.31073905999999996,0.7649479,0.7649479,0.0
0.35,4.0,0.5197222,0.5197304,0.30122755,0.7731986,0.7731986,0.0
0.4,4.0,0.51694986,0.51695556,0.29201902,0.78110348,0.78110348,0.0
0.45,4.0,0.5139352500000001,0.5139472,0.283111,0.78867495,0.78867495,0.0
0.5,4.0,0.5107123399999999,0.51071676,0.27449173999999993,0.79593242,0.79593242,0.0
0.55,4.0,0.50728555,0.5073014,0.26615065,0.80289305,0.80289305,0.0
0.6,4.0,0.50370072,0.5037062,0.25809150000000003,0.8095617,0.8095617,0.0
0.65,4.0,0.49995215000000004,0.49996585,0.25029579999999996,0.8159604,0.8159604,0.0
0.7,4.0,0.49607451999999996,0.49607994,0.24275568,0.82210208,0.82210208,0.0
0.75,4.0,0.4920756,0.49207805000000004,0.23546845,0.8279944,0.8279944,0.0
0.8,4.0,0.48796947999999996,0.48797177999999997,0.22842237999999998,0.8336520799999999,0.8336520799999999,0.0
0.85,4.0,0.48376779999999997,0.48377605,0.22160950000000001,0.8390863,0.8390863,0.0
0.9,4.0,0.47949573999999995,0.4794998199999999,0.21502922,0.8443018200000001,0.8443018200000001,0.0
0.95,4.0,0.4751544,0.4751618,0.2086709,0.8493109999999999,0.8493109999999999,0.0
